{"xAxisLabel":"# of Ratings","yAxisLabel":"Average Recommendation Count","title":"# of Ratings VS Average Recommendation Count","graphItemDataList":[{"displayName":"Movielens","xAxis":{"0-50":1.8803300701120813,"50-100":57.21122824612608,"100-150":193.8690331890332,"150-200":348.0432619047619,"200-250":611.5135238095238,"250-300":997.0959285714285,"300-350":1611.7209523809524,"350-400":1779.3295714285714,"400-450":2427.514666666667,"450-500":2899.1636666666664,"500-550":3802.876666666667,"550-600":4660.116,"600-650":4782.5509999999995,"650-700":5517.503333333334,"700-750":6030.44,"750-800":6246.24,"800-850":6460.18,"850-900":6848.58,"900-950":7199.36,"950-1000":7651.08,"1000-1050":8209.88,"1050-1100":8888.54,"1100-1150":9729.444444444445},"yAxis":null}]}