{"xAxisLabel":"# of Ratings","yAxisLabel":"Average Recommendation Count","title":"# of Ratings VS Average Recommendation Count","graphItemDataList":[{"displayName":"Yahoo Music","xAxis":{"0-50":84.39189146296451,"50-100":742.6763038758627,"100-150":2575.904666666667,"150-200":4605.806666666667,"200-250":5575.48,"250-300":7023.65,"300-350":7558.22,"350-400":8217.88,"400-450":8799.12,"450-500":9494.34,"500-550":9840.0},"yAxis":null}]}